{
  "Egypt": 1771.7183045547713,
  "Togo": 1463.8004810603636,
  "Tunisia": 1735.5151870459165,
  "Trinidad and Tobago": 1557.188901211242,
  "Canada": 1903.7707901831764,
  "Burkina Faso": 1676.4194792232222,
  "Gabon": 1529.6003663941676,
  "Guatemala": 1654.2609258861248,
  "Armenia": 1389.121886427793,
  "Ivory Coast": 1757.8417333866262,
  "Mexico": 1907.7539277421783,
  "Iran": 1880.0150446457822,
  "Bermuda": 1315.0512888863448,
  "Cameroon": 1705.0281673956079,
  "Senegal": 1977.7346756772993,
  "China PR": 1533.8940069911469,
  "New Zealand": 1730.9265939938373,
  "Jamaica": 1675.128632191985,
  "United States": 1843.7917303675188,
  "Morocco": 1913.678132040354,
  "Ghana": 1626.4308400885066,
  "Panama": 1803.8733112968773,
  "Algeria": 1854.0474553224171,
  "Malta": 1298.2546278903626,
  "Qatar": 1555.48605831369,
  "South Korea": 1913.4118763397737,
  "Vietnam": 1475.1233348532528,
  "Guam": 1017.9299790381958,
  "South Africa": 1659.7355988855816,
  "Nigeria": 1848.387171439075,
  "Zambia": 1543.307390761162,
  "Philippines": 1354.0757226229648,
  "DR Congo": 1757.2861749322742,
  "Bosnia and Herzegovina": 1581.220732005457,
  "Congo": 1315.1182196450563,
  "Uganda": 1514.8623542370503,
  "Libya": 1553.9458688852317,
  "Spain": 2190.5440909810477,
  "Poland": 1759.303250002794,
  "Costa Rica": 1732.0322851417648,
  "United States Virgin Islands": 1013.2850246587323,
  "Saint Lucia": 1253.9990531897688,
  "Chile": 1801.3988857679785,
  "Kuwait": 1470.0113173163634,
  "Syria": 1611.8747327985902,
  "Iceland": 1591.606160559816,
  "Norway": 1953.5009427705377,
  "Faroe Islands": 1409.7451013514644,
  "Finland": 1504.8631171931438,
  "British Virgin Islands": 1055.6473138496856,
  "Romania": 1644.532614051745,
  "Latvia": 1295.1342872922687,
  "Saint Kitts and Nevis": 1265.1135695267026,
  "Cyprus": 1305.6426509670368,
  "Lithuania": 1286.2620245740723,
  "Moldova": 1295.7714234837565,
  "Sweden": 1680.4078704783433,
  "Georgia": 1661.1701639818625,
  "Japan": 1951.8153243578572,
  "Azerbaijan": 1349.6396564610066,
  "Albania": 1693.2707718106033,
  "Andorra": 1100.3403272917742,
  "Cayman Islands": 1108.3698226458814,
  "Singapore": 1317.4718420919337,
  "Malaysia": 1515.3442480189326,
  "Czech Republic": 1748.8876883068422,
  "North Korea": 1506.1653382364286,
  "Bulgaria": 1463.605041970559,
  "Slovakia": 1699.4236815278484,
  "Australia": 1879.9176223784614,
  "Honduras": 1674.0766926215151,
  "El Salvador": 1467.8959107825501,
  "Nepal": 1145.1475598208863,
  "Yemen": 1337.6548492478037,
  "Hong Kong": 1338.797564103683,
  "Turkmenistan": 1413.4129985023385,
  "Haiti": 1705.5431023937622,
  "Bhutan": 934.6313628741771,
  "Colombia": 2064.375678133605,
  "Dominican Republic": 1495.776891332921,
  "Macau": 905.5725086120258,
  "Brunei": 972.8855336838542,
  "Peru": 1739.040656183301,
  "Maldives": 1075.018667608721,
  "Lebanon": 1465.7656765528375,
  "Barbados": 1183.2840252656422,
  "Dominica": 1209.4587457307944,
  "Antigua and Barbuda": 1155.0711079273806,
  "Oman": 1595.2119114724494,
  "Switzerland": 1931.3333140493705,
  "United Arab Emirates": 1674.462536499728,
  "Slovenia": 1714.2103183212935,
  "Kernow": 1605.8099893485805,
  "Guernsey": 1741.416306250523,
  "Thailand": 1546.7579527312969,
  "Lesotho": 1417.2963278936156,
  "Eswatini": 1319.5372664396054,
  "Jordan": 1769.713365361812,
  "Turkey": 1902.705950470487,
  "Brazil": 2037.1778228381947,
  "Wales": 1727.8491297613934,
  "Netherlands": 1969.4079127246744,
  "Germany": 1931.8842888324643,
  "North Macedonia": 1599.709483833381,
  "Serbia": 1793.1160387006485,
  "Luxembourg": 1394.668551121997,
  "Northern Ireland": 1622.2743901260433,
  "Italy": 1873.0159751792366,
  "Croatia": 1953.660435164049,
  "Republic of Ireland": 1708.5355752242183,
  "Hungary": 1698.080996971983,
  "Greece": 1778.293033627832,
  "Austria": 1835.4147230858055,
  "France": 2073.625412910479,
  "Estonia": 1376.9944654989686,
  "England": 2060.87300573956,
  "Argentina": 2153.947587522727,
  "Belgium": 1862.0086352929852,
  "Portugal": 1982.8716176535656,
  "Israel": 1644.7354478751438,
  "Russia": 1823.454105829137,
  "Anguilla": 966.1660533313909,
  "Botswana": 1407.6581831455758,
  "Uzbekistan": 1838.5722187184558,
  "Mongolia": 1045.2706386938114,
  "Nicaragua": 1499.2263323090092,
  "Cura\u00e7ao": 1649.6499994865512,
  "Zimbabwe": 1443.9232078525654,
  "Saint Vincent and the Grenadines": 1401.7071321892042,
  "Suriname": 1606.5392287731609,
  "Belize": 1331.8397081211028,
  "Montserrat": 1271.5612207405968,
  "Ethiopia": 1382.8996146970035,
  "Sudan": 1477.510151918767,
  "Bolivia": 1720.615599256222,
  "Grenada": 1336.5113777536676,
  "Bahamas": 1035.202016320516,
  "Cuba": 1411.5356762531767,
  "Ecuador": 1998.3081196084763,
  "Aruba": 1241.4163140929863,
  "Puerto Rico": 1381.3913448411804,
  "Malawi": 1461.3571030858907,
  "Venezuela": 1761.9038576180617,
  "Turks and Caicos Islands": 1053.9279645039162,
  "Bahrain": 1525.208594624023,
  "Kazakhstan": 1443.2578960590643,
  "Namibia": 1423.6291027481332,
  "Gambia": 1556.3659539324303,
  "Mauritania": 1441.7291342936426,
  "Taiwan": 1097.6779949250765,
  "Tanzania": 1436.4480908867176,
  "Alderney": 1181.462118664381,
  "Jersey": 1801.154079373381,
  "Uruguay": 1936.8591235307308,
  "Scotland": 1804.9488625817469,
  "Denmark": 1887.7296368034358,
  "Paraguay": 1895.6182239319735,
  "Belarus": 1528.9382453995822,
  "Palestine": 1600.6305902144036,
  "Kenya": 1458.7900182178766,
  "Pakistan": 1052.8365161861109,
  "Myanmar": 1150.5203856429116,
  "Laos": 981.9089402933209,
  "Djibouti": 1093.1750233678767,
  "Guinea": 1615.8274166359274,
  "Seychelles": 1016.1310524925653,
  "S\u00e3o Tom\u00e9 and Pr\u00edncipe": 1181.4658536676523,
  "Sierra Leone": 1473.4647582263003,
  "Madagascar": 1511.887206128963,
  "Guinea-Bissau": 1343.0427445083526,
  "Fiji": 1416.8005609311688,
  "Papua New Guinea": 1436.8538934158587,
  "Central African Republic": 1364.6534236923958,
  "New Caledonia": 1603.9181037444584,
  "Solomon Islands": 1415.9587465700358,
  "Angola": 1586.7704172152066,
  "Mauritius": 1212.0270800971616,
  "Rwanda": 1415.4956250224925,
  "Mali": 1720.4945920873083,
  "Mozambique": 1498.8423937560883,
  "Benin": 1528.26671713968,
  "Cape Verde": 1684.239340415253,
  "Chad": 1238.1844689584048,
  "Liberia": 1430.3632055284481,
  "Eritrea": 1202.415723242002,
  "Equatorial Guinea": 1424.0198837024022,
  "Vanuatu": 1416.9259064956727,
  "Somalia": 1094.3333351823298,
  "San Marino": 869.8226483992191,
  "Ukraine": 1824.987168175399,
  "Liechtenstein": 908.5543204066444,
  "Sint Maarten": 1322.1292591035692,
  "Sri Lanka": 1072.0747206104295,
  "Bangladesh": 1166.1762432821736,
  "India": 1252.4240651244984,
  "Saudi Arabia": 1712.7150596062752,
  "Kyrgyzstan": 1506.368687252527,
  "Iraq": 1723.131593855368,
  "Tonga": 1112.9257952350513,
  "Cook Islands": 1167.838352962879,
  "Gibraltar": 1053.876282736941,
  "Monaco": 1448.6634531748107,
  "American Samoa": 1060.2120660697833,
  "Tahiti": 1496.243269156327,
  "Burundi": 1389.176155080898,
  "Niger": 1547.4317989147567,
  "Guyana": 1477.5859179332722,
  "Indonesia": 1502.0610886722181,
  "Zanzibar": 1547.0194654711083,
  "Cambodia": 1085.2430934441347,
  "Tajikistan": 1453.5740071619064,
  "Andalusia": 1611.872636558238,
  "Catalonia": 1641.8817297457776,
  "Basque Country": 1710.8398515707065,
  "Saint Martin": 1290.7877302542724,
  "Martinique": 1506.0402743319207,
  "Guadeloupe": 1528.4277876047995,
  "Samoa": 1260.810347707657,
  "Greenland": 1471.4009834856074,
  "Tibet": 1281.901123826914,
  "Isle of Wight": 1629.4925389504024,
  "Orkney": 1414.8788168237884,
  "Isle of Man": 1725.5751575346376,
  "Falkland Islands": 1242.1945113473448,
  "Ynys M\u00f4n": 1642.4983487672232,
  "Saare County": 1368.1518820098283,
  "Shetland": 1523.9106022404628,
  "Rhodes": 1570.8880381735692,
  "Mayotte": 1466.8270155423324,
  "Canary Islands": 1493.128425194222,
  "R\u00e9union": 1602.0017630094874,